DROP DATABASE IF EXISTS hlps5;

CREATE DATABASE hlps5;

GRANT ALL PRIVILEGES ON hlps5.* to grader@localhost IDENTIFIED BY 'allowme';

USE hlps5;

CREATE TABLE Vehicle (
  vid INTEGER,
  model VARCHAR(128),
	maker VARCHAR(128),
  price DOUBLE,
  isrent  BOOLEAN,
  PRIMARY KEY (vid)
);

CREATE TABLE Motorcycle (
	vid INTEGER NOT NULL,
	speed REAL,
  enginecapacity VARCHAR(10),
  color VARCHAR(20),
  PRIMARY KEY (vid),
  FOREIGN KEY (vid) REFERENCES Vehicle (vid) ON DELETE CASCADE
);

CREATE TABLE Tank(
	vid INTEGER NOT NULL,
	speed REAL,
  shell REAL,
  armor REAL,
  PRIMARY KEY (vid),
  FOREIGN KEY (vid) REFERENCES Vehicle (vid) ON DELETE CASCADE
);
CREATE TABLE Car(
	vid  INTEGER NOT NULL,
  type VARCHAR(30),
	fuel VARCHAR(20),
  color VARCHAR(20),
  speed REAL,
  enginecapacity VARCHAR(10),
  PRIMARY KEY (vid),
  FOREIGN KEY (vid) REFERENCES Vehicle (vid) ON DELETE CASCADE
);
CREATE TABLE People (
	pid INTEGER NOT NULL,
  name VARCHAR(30),
  password VARCHAR(128),
  username VARCHAR(30),
  email VARCHAR(256),
  isManager  BOOLEAN,
  telephoneNumber VARCHAR(128),
  PRIMARY KEY (pid)
);
CREATE TABLE Customer (
	pid INTEGER NOT NULL,
  ranking VARCHAR(32),
  PRIMARY KEY (pid),
  FOREIGN KEY (pid) REFERENCES People(pid) ON DELETE CASCADE
);
CREATE TABLE Address(
  pid INTEGER NOT NULL,
  country VARCHAR(256),
  region VARCHAR(256),
  postal VARCHAR(256),
  city VARCHAR(256),
  street VARCHAR(256),
  PRIMARY KEY (pid),
  FOREIGN KEY (pid) REFERENCES People(pid) ON DELETE CASCADE
);
CREATE TABLE Discount (
  ranking VARCHAR(32),
  rate DOUBLE NOT NULL
);

CREATE TABLE Admin (
	pid INTEGER NOT NULL,
  click INTEGER,
  PRIMARY KEY (pid),
  FOREIGN KEY (pid) REFERENCES People(pid) ON DELETE CASCADE
);

CREATE TABLE Duration (
  did INTEGER NOT NULL,
  datefrom INTEGER,
  dateto INTEGER,
  PRIMARY KEY (did)
);
CREATE TABLE Rent (
  vid INTEGER NOT NULL,
	pid INTEGER NOT NULL,
  did INTEGER NOT NULL,
  PRIMARY KEY (vid,pid,did),
  FOREIGN KEY (pid) REFERENCES People(pid) ON DELETE CASCADE,
  FOREIGN KEY (vid) REFERENCES Vehicle (vid) ON DELETE CASCADE,
  FOREIGN KEY (did) REFERENCES Duration (did) ON DELETE CASCADE

);



INSERT INTO `Vehicle` (`vid`,`model`,`maker`,`price`,`isrent`) VALUES (1,"Super Hawk","Renault","15731.96","0"),(2,"Trident ","Mitsubishi Motors","8919.65","0"),(3,"Black Bird","Vauxhall","29989.38","0"),(4,"Rocket III","Daihatsu","15914.21","0"),(5,"Daytona","Infiniti","27854.03","0"),(6,"Ninja","Tata Motors","20831.55","0"),(7,"Ninja","MINI","20633.58","0"),(8,"Bandit","Toyota","28817.13","0"),(9,"Magna","Buick","13615.03","0"),(10,"Intruder","Subaru","12297.33","0");
INSERT INTO `Vehicle` (`vid`,`model`,`maker`,`price`,`isrent`) VALUES (11,"Black Bird","MINI","8958.87","0"),(12,"Magna","JLR","14856.26","0"),(13,"Magna","Hyundai Motors","11516.13","0"),(14,"Daytona","Acura","29690.35","0"),(15,"Formula 3","Acura","12974.40","0"),(16,"Super Hawk","FAW","26158.78","0"),(17,"Super Hawk","Audi","23855.32","0"),(18,"Bonneville","Subaru","6446.73","0"),(19,"Ninja","Dacia","12589.09","0"),(20,"Black Bird","Lexus","26435.01","0");
INSERT INTO `Vehicle` (`vid`,`model`,`maker`,`price`,`isrent`) VALUES (21,"Dominator","Isuzu","23113.55","0"),(22,"Formula 3","Seat","13846.57","0"),(23,"Magna","Volvo","28963.97","0"),(24,"Super Hawk","Ford","7706.81","0"),(25,"Formula 3","RAM Trucks","26042.17","0"),(26,"Sportster","Acura","19795.27","0"),(27,"Katana","Peugeot","16286.17","0"),(28,"Black Bird","Seat","12912.20","0"),(29,"Avenger","Dongfeng Motor","18775.79","0"),(30,"Silver Hawk","Dacia","24859.20","0");
INSERT INTO `Vehicle` (`vid`,`model`,`maker`,`price`,`isrent`) VALUES (31,"Intruder","GMC","9289.27","0"),(32,"Tiger","Audi","12280.07","0"),(33,"Bandit","Daihatsu","19032.85","0"),(34,"Bonneville","RAM Trucks","20790.11","0"),(35,"Super Glide","Tata Motors","26419.99","0"),(36,"Victor 441","Kenworth","23378.77","0"),(37,"Katana","BMW","18330.73","0"),(38,"Magna","Lincoln","19580.61","0"),(39,"Road King","Lincoln","21922.77","0"),(40,"Trident ","Acura","24328.42","0");
INSERT INTO `Vehicle` (`vid`,`model`,`maker`,`price`,`isrent`) VALUES (41,"Dominator","Nissan","17102.36","0"),(42,"Formula 3","Audi","14546.93","0"),(43,"Silver Hawk","Isuzu","8280.77","0"),(44,"Sportster","Dodge","27750.17","0"),(45,"Ninja","Lincoln","7416.29","0"),(46,"Trail 90","General Motors","8212.11","0"),(47,"Ninja","Dacia","9244.38","0"),(48,"Daytona","GMC","27336.78","0"),(49,"Rocket III","Kenworth","26999.55","0"),(50,"Rocket III","RAM Trucks","13161.74","0");
INSERT INTO `Vehicle` (`vid`,`model`,`maker`,`price`,`isrent`) VALUES (51,"Intruder","Skoda","10935.80","0"),(52,"Victor 441","Maruti Suzuki","7200.98","0"),(53,"Intruder","Chevrolet","23981.13","0"),(54,"Tiger","Buick","8817.09","0"),(55,"Formula 3","Infiniti","18324.09","0"),(56,"Katana","Isuzu","9117.46","0"),(57,"Victor 441","Fiat","16468.92","0"),(58,"Trident ","Dacia","18521.31","0"),(59,"Silver Hawk","Isuzu","21997.92","0"),(60,"Katana","Volkswagen","11407.14","0");
INSERT INTO `Vehicle` (`vid`,`model`,`maker`,`price`,`isrent`) VALUES (61,"Ninja","Acura","15343.19","0"),(62,"Bullet","Kia Motors","10883.37","0"),(63,"V-Max","Porsche","22438.42","0"),(64,"Silver Hawk","Mazda","28683.19","0"),(65,"Bandit","Kenworth","21378.08","0"),(66,"Katana","Lexus","14066.89","0"),(67,"Silver Hawk","Volkswagen","15015.06","0"),(68,"Trail 90","Lexus","22146.38","0"),(69,"Ninja","Kenworth","7049.80","0"),(70,"Daytona","Porsche","12089.39","0");
INSERT INTO `Vehicle` (`vid`,`model`,`maker`,`price`,`isrent`) VALUES (71,"Formula 3","Audi","9510.71","0"),(72,"Formula 3","Ferrari","21015.10","0"),(73,"Road King","Dacia","6266.94","0"),(74,"Road King","Skoda","15344.53","0"),(75,"Magna","Buick","26773.08","0"),(76,"Ninja","Subaru","9935.49","0"),(77,"Katana","JLR","28312.99","0"),(78,"Formula 3","Isuzu","12509.43","0"),(79,"Bonneville","Dacia","17757.09","0"),(80,"Sportster","Vauxhall","13983.36","0");
INSERT INTO `Vehicle` (`vid`,`model`,`maker`,`price`,`isrent`) VALUES (81,"Black Bird","FAW","12484.11","0"),(82,"Dominator","MINI","19681.46","0"),(83,"Daytona","Mazda","15499.44","0"),(84,"Sportster","Suzuki","24518.55","0"),(85,"Magna","Dodge","6633.95","0"),(86,"Magna","Smart","19231.36","0"),(87,"Super Hawk","BMW","19680.37","0"),(88,"Victor 441","Suzuki","26441.10","0"),(89,"Super Hawk","Acura","25807.07","0"),(90,"Ninja","BMW","19150.34","0");
INSERT INTO `Vehicle` (`vid`,`model`,`maker`,`price`,`isrent`) VALUES (91,"Road King","Fiat","23241.55","0"),(92,"Bonneville","Vauxhall","16460.13","0"),(93,"Bonneville","Citroen","17376.71","0"),(94,"Katana","GMC","8692.36","0"),(95,"Black Bird","BMW","13630.77","0"),(96,"Bullet","JLR","11690.68","0"),(97,"Black Bird","GMC","26071.86","0"),(98,"Super Glide","Jeep","22931.58","0"),(99,"Bonneville","Porsche","26567.52","0"),(100,"Bonneville","Dodge","21058.30","0");


INSERT INTO `Vehicle` (`vid`,`model`,`maker`,`price`,`isrent`) VALUES (101," Panzer IV","BAE Systems","913534.63","0"),(102,"Mk VI Crusader","Boeing","989070.83","0"),(103,"Mk VI Crusader","Boeing","941862.86","0"),(104,"Tiger II","BAE Systems","999096.36","0"),(105,"Churchill","Finmeccanica","869293.60","0"),(106,"Panzer I","Raytheon","886662.39","0"),(107,"Tiger II","United Technologies Corporation","582684.21","0"),(108,"Tiger I ","BAE Systems","722785.92","0"),(109,"Tiger I ","Boeing","975104.82","0"),(110,"M4 Sherman","Boeing","587082.52","0");
INSERT INTO `Vehicle` (`vid`,`model`,`maker`,`price`,`isrent`) VALUES (111,"Panzer I","Northrop Grumman","540890.86","0"),(112,"Tiger II","Northrop Grumman","537683.31","0"),(113,"Panzer II","Northrop Grumman","821900.50","0"),(114,"Churchill","Finmeccanica","735157.10","0"),(115,"M4 Sherman","Boeing","500717.29","0"),(116,"M3 Stuart","Northrop Grumman","706186.02","0"),(117,"M3 Stuart","United Technologies Corporation","527587.36","0"),(118,"Panzer I","General Dynamics","807411.66","0"),(119,"Mk VI Crusader","Finmeccanica","768220.85","0"),(120,"Panther","Boeing","513723.84","0");
INSERT INTO `Vehicle` (`vid`,`model`,`maker`,`price`,`isrent`) VALUES (121,"Tiger I ","Northrop Grumman","720974.08","0"),(122,"Panzer II","Finmeccanica","957488.64","0"),(123," Panzer IV","Airbus Group","512312.70","0"),(124,"Panzer II","BAE Systems","868984.38","0"),(125," Panzer III","Finmeccanica","949300.41","0"),(126,"Panzer I","Finmeccanica","796677.49","0"),(127,"Panzer II","General Dynamics","605005.36","0"),(128,"Tiger I ","Finmeccanica","730067.85","0"),(129,"Tiger I ","Airbus Group","532571.89","0"),(130,"Panther","BAE Systems","825842.09","0");
INSERT INTO `Vehicle` (`vid`,`model`,`maker`,`price`,`isrent`) VALUES (131,"Mk VI Crusader","Airbus Group","728240.42","0"),(132,"Tiger II","United Technologies Corporation","678595.74","0"),(133,"Panzer II","BAE Systems","630807.11","0"),(134," Panzer III","BAE Systems","866595.60","0"),(135,"Panther","Raytheon","722746.20","0"),(136,"M3 Stuart","Airbus Group","919707.82","0"),(137,"Tiger II","United Technologies Corporation","576231.94","0"),(138,"Tiger I ","Northrop Grumman","840313.07","0"),(139," Panzer IV","Boeing","731855.89","0"),(140,"Panzer II","Raytheon","943305.29","0");
INSERT INTO `Vehicle` (`vid`,`model`,`maker`,`price`,`isrent`) VALUES (141,"M4 Sherman","Finmeccanica","909272.17","0"),(142," Panzer IV","Northrop Grumman","931478.81","0"),(143,"M4 Sherman","Raytheon","652872.77","0"),(144,"M3 Stuart","United Technologies Corporation","737101.17","0"),(145,"Panzer I","United Technologies Corporation","795169.03","0"),(146,"Mk VI Crusader","Boeing","663184.90","0"),(147,"Panzer I","Airbus Group","772226.63","0"),(148,"Panzer II","BAE Systems","725093.72","0"),(149,"M3 Stuart","Airbus Group","628181.17","0"),(150,"M4 Sherman","United Technologies Corporation","506773.59","0");
INSERT INTO `Vehicle` (`vid`,`model`,`maker`,`price`,`isrent`) VALUES (151,"Tiger II","United Technologies Corporation","979864.88","0"),(152,"Tiger II","Northrop Grumman","639017.30","0"),(153,"Panzer I","Finmeccanica","579232.17","0"),(154,"Tiger I ","Finmeccanica","785487.87","0"),(155,"Panther","Boeing","790362.41","0"),(156," Panzer III","United Technologies Corporation","934819.42","0"),(157,"M4 Sherman","Raytheon","792914.11","0"),(158," Panzer III","Airbus Group","737837.13","0"),(159,"Tiger I ","Northrop Grumman","762312.49","0"),(160,"M3 Stuart","Raytheon","797055.13","0");
INSERT INTO `Vehicle` (`vid`,`model`,`maker`,`price`,`isrent`) VALUES (161,"M4 Sherman","General Dynamics","717625.49","0"),(162,"Panzer I","Northrop Grumman","798421.02","0"),(163," Panzer IV","Boeing","587982.70","0"),(164,"Panzer II","BAE Systems","943484.81","0"),(165," Panzer IV","Raytheon","950855.31","0"),(166,"M3 Stuart","Airbus Group","911123.88","0"),(167,"Mk VI Crusader","General Dynamics","816849.99","0"),(168,"Panther","General Dynamics","646780.32","0"),(169," Panzer III","Airbus Group","528647.15","0"),(170," Panzer IV","Boeing","868420.99","0");
INSERT INTO `Vehicle` (`vid`,`model`,`maker`,`price`,`isrent`) VALUES (171,"Panther","BAE Systems","539458.17","0"),(172," Panzer IV","United Technologies Corporation","622580.57","0"),(173,"Tiger II","BAE Systems","664712.51","0"),(174,"Mk VI Crusader","Finmeccanica","774789.87","0"),(175,"Tiger II","United Technologies Corporation","870794.86","0"),(176,"Tiger II","United Technologies Corporation","619289.45","0"),(177,"M4 Sherman","Raytheon","628749.53","0"),(178," Panzer III","BAE Systems","919521.61","0"),(179,"Tiger I ","General Dynamics","525546.10","0"),(180,"M3 Stuart","General Dynamics","713310.73","0");
INSERT INTO `Vehicle` (`vid`,`model`,`maker`,`price`,`isrent`) VALUES (181,"Mk VI Crusader","United Technologies Corporation","891636.60","0"),(182,"Panther","General Dynamics","776443.02","0"),(183," Panzer III","Raytheon","768547.49","0"),(184,"Churchill","Raytheon","850790.72","0"),(185,"Tiger I ","General Dynamics","591496.18","0"),(186," Panzer III","Raytheon","537709.74","0"),(187," Panzer III","BAE Systems","931279.05","0"),(188,"Panther","BAE Systems","901460.87","0"),(189," Panzer III","General Dynamics","773332.33","0"),(190," Panzer IV","General Dynamics","741838.95","0");
INSERT INTO `Vehicle` (`vid`,`model`,`maker`,`price`,`isrent`) VALUES (191,"Tiger I ","General Dynamics","840857.29","0"),(192,"Panzer I","Northrop Grumman","915898.73","0"),(193,"Tiger I ","BAE Systems","500590.35","0"),(194,"Panzer I","Finmeccanica","750357.30","0"),(195,"Panther","Airbus Group","821307.16","0"),(196,"Tiger I ","United Technologies Corporation","986966.33","0"),(197,"Mk VI Crusader","Finmeccanica","782677.03","0"),(198,"Churchill","Boeing","933236.82","0"),(199,"Panzer I","BAE Systems","854017.73","0"),(200,"Panther","Finmeccanica","981002.59","0");

INSERT INTO `Vehicle` (`vid`,`model`,`maker`,`price`,`isrent`) VALUES (201,"A1","Kenworth","75285.66","0"),(202,"A7","Lincoln","89686.95","0"),(203,"A7","Acura","88371.51","0"),(204,"Z4","Peugeot","74128.55","0"),(205,"E","Mitsubishi Motors","60727.93","0"),(206,"A5","MINI","95944.88","0"),(207,"A3","GMC","72077.42","0"),(208,"XM3","Ford","88748.52","0"),(209,"A4","Cadillac","81235.63","0"),(210,"A1","MINI","89782.26","0");
INSERT INTO `Vehicle` (`vid`,`model`,`maker`,`price`,`isrent`) VALUES (211,"A7","Renault","53590.73","0"),(212,"A6","Smart","99992.54","0"),(213,"E","Kia Motors","70334.92","0"),(214,"A1","Tata Motors","63083.65","0"),(215,"Reventon","Kia Motors","57506.00","0"),(216,"Santa Fe","FAW","58928.22","0"),(217,"M4","Jeep","74771.79","0"),(218,"A3","Mazda","66361.98","0"),(219,"LaPuta","MINI","75095.92","0"),(220,"M3","Tata Motors","69985.71","0");
INSERT INTO `Vehicle` (`vid`,`model`,`maker`,`price`,`isrent`) VALUES (221,"Pajero","Subaru","64207.49","0"),(222,"Santa Fe","Vauxhall","73999.10","0"),(223,"Pajero","Ford","77940.10","0"),(224,"A1","Dacia","93255.65","0"),(225,"M4","Acura","65070.71","0"),(226,"A7","Daihatsu","73010.71","0"),(227,"A4","General Motors","68802.13","0"),(228,"LaCrosse","GMC","57711.50","0"),(229,"C","FAW","73639.29","0"),(230,"C","General Motors","76046.01","0");
INSERT INTO `Vehicle` (`vid`,`model`,`maker`,`price`,`isrent`) VALUES (231,"A7","Daimler","80901.85","0"),(232,"XM5","Hyundai Motors","96918.06","0"),(233,"A4","Ferrari","74694.25","0"),(234,"Laura","Suzuki","50462.87","0"),(235,"Pajero","Infiniti","51987.01","0"),(236,"XM5","Cadillac","76485.05","0"),(237,"M3","Peugeot","70145.76","0"),(238,"S","Fiat","65868.74","0"),(239,"Moco","General Motors","93037.99","0"),(240,"XM5","MINI","56576.48","0");
INSERT INTO `Vehicle` (`vid`,`model`,`maker`,`price`,`isrent`) VALUES (241,"LaPuta","Maruti Suzuki","56264.76","0"),(242,"E","Seat","70965.51","0"),(243,"A1","Buick","98878.40","0"),(244,"Fitta","Daimler","65622.44","0"),(245,"LaPuta","Honda","90552.40","0"),(246,"Moco","Chevrolet","57668.63","0"),(247,"XM5","Hyundai Motors","59416.32","0"),(248,"LaPuta","FAW","99166.62","0"),(249,"LaPuta","Kia Motors","52179.58","0"),(250,"A6","Porsche","61153.80","0");
INSERT INTO `Vehicle` (`vid`,`model`,`maker`,`price`,`isrent`) VALUES (251,"Reventon","Seat","62129.33","0"),(252,"Pajero","FAW","68700.16","0"),(253,"A6","Acura","92633.70","0"),(254,"A6","Mercedes-Benz","64964.79","0"),(255,"C","Volkswagen","98110.78","0"),(256,"S","General Motors","90405.33","0"),(257,"A8","Ford","92013.96","0"),(258,"M4","Acura","97946.97","0"),(259,"Z4","Mazda","51025.37","0"),(260,"A5","RAM Trucks","50308.12","0");
INSERT INTO `Vehicle` (`vid`,`model`,`maker`,`price`,`isrent`) VALUES (261,"A6","MINI","92338.99","0"),(262,"MR2","RAM Trucks","76509.13","0"),(263,"A5","Chrysler","57068.70","0"),(264,"S","Mahindra and Mahindra","66826.32","0"),(265,"Fitta","Mitsubishi Motors","90508.46","0"),(266,"Laura","Porsche","54839.41","0"),(267,"A1","BMW","65395.88","0"),(268,"MR2","Dongfeng Motor","76849.97","0"),(269,"A4","Ford","57704.65","0"),(270,"Fitta","Nissan","51153.64","0");
INSERT INTO `Vehicle` (`vid`,`model`,`maker`,`price`,`isrent`) VALUES (271,"XM3","Cadillac","90367.36","0"),(272,"Pajero","Lexus","95182.41","0"),(273,"Pinto","FAW","86205.36","0"),(274,"A7","Chrysler","55951.82","0"),(275,"Z4","Smart","87730.43","0"),(276,"A6","Renault","69568.05","0"),(277,"E","Tata Motors","65261.37","0"),(278,"M3","Infiniti","97196.41","0"),(279,"XM3","Ferrari","88959.18","0"),(280,"Pajero","Skoda","70147.87","0");
INSERT INTO `Vehicle` (`vid`,`model`,`maker`,`price`,`isrent`) VALUES (281,"Fitta","Buick","89424.91","0"),(282,"A5","Peugeot","90210.60","0"),(283,"Laura","Mitsubishi Motors","52977.71","0"),(284,"Moco","Chevrolet","58977.19","0"),(285,"Pinto","Peugeot","58022.51","0"),(286,"MR2","General Motors","66611.11","0"),(287,"Moco","Peugeot","62814.63","0"),(288,"XM3","Seat","51776.93","0"),(289,"A6","Cadillac","69474.75","0"),(290,"Laura","Volkswagen","91672.80","0");
INSERT INTO `Vehicle` (`vid`,`model`,`maker`,`price`,`isrent`) VALUES (291,"M4","FAW","98781.66","0"),(292,"A6","BMW","61910.73","0"),(293,"M4","JLR","71712.66","0"),(294,"A7","Lexus","88467.61","0"),(295,"A8","Mercedes-Benz","97031.38","0"),(296,"Z4","Skoda","95069.49","0"),(297,"S","Acura","96493.93","0"),(298,"A5","Mercedes-Benz","56577.69","0"),(299,"S","Suzuki","66897.78","0"),(300,"LaCrosse","FAW","72355.43","0");


INSERT INTO motorcycle (vid,speed,enginecapacity,color) VALUES (1,249,"125","violet"),(2,201,"50","yellow"),(3,236,"250","indigo"),(4,227,"125","green"),(5,233,"600","red"),(6,222,"50","orange"),(7,204,"600","orange"),(8,213,"1000","indigo"),(9,236,"600","violet"),(10,220,"1000","indigo");
INSERT INTO motorcycle (vid,speed,enginecapacity,color) VALUES (11,248,"600","red"),(12,227,"750","blue"),(13,198,"250","blue"),(14,219,"1000","blue"),(15,228,"750","orange"),(16,243,"50","blue"),(17,205,"125","yellow"),(18,202,"125","green"),(19,225,"600","orange"),(20,240,"250","orange");
INSERT INTO motorcycle (vid,speed,enginecapacity,color) VALUES (21,235,"750","violet"),(22,237,"50","indigo"),(23,210,"600","indigo"),(24,208,"1000","orange"),(25,244,"250","red"),(26,238,"125","indigo"),(27,213,"750","violet"),(28,200,"1000","yellow"),(29,239,"50","indigo"),(30,217,"125","indigo");
INSERT INTO motorcycle (vid,speed,enginecapacity,color) VALUES (31,230,"125","red"),(32,216,"50","blue"),(33,209,"50","yellow"),(34,241,"250","blue"),(35,208,"50","orange"),(36,241,"125","blue"),(37,222,"125","blue"),(38,200,"250","indigo"),(39,215,"50","indigo"),(40,236,"1000","orange");
INSERT INTO motorcycle (vid,speed,enginecapacity,color) VALUES (41,216,"250","blue"),(42,224,"400","violet"),(43,248,"125","yellow"),(44,250,"400","red"),(45,232,"750","violet"),(46,239,"400","orange"),(47,245,"1000","green"),(48,193,"250","red"),(49,217,"50","violet"),(50,224,"1000","indigo");
INSERT INTO motorcycle (vid,speed,enginecapacity,color) VALUES (51,230,"750","indigo"),(52,219,"750","blue"),(53,238,"125","red"),(54,250,"400","indigo"),(55,230,"50","yellow"),(56,205,"250","blue"),(57,210,"250","violet"),(58,243,"750","violet"),(59,191,"400","orange"),(60,244,"600","green");
INSERT INTO motorcycle (vid,speed,enginecapacity,color) VALUES (61,212,"750","indigo"),(62,221,"600","red"),(63,205,"50","orange"),(64,236,"750","orange"),(65,242,"125","violet"),(66,193,"50","blue"),(67,223,"400","green"),(68,213,"250","green"),(69,231,"400","red"),(70,212,"400","orange");
INSERT INTO motorcycle (vid,speed,enginecapacity,color) VALUES (71,223,"600","yellow"),(72,224,"400","violet"),(73,229,"125","yellow"),(74,245,"250","green"),(75,211,"400","yellow"),(76,233,"250","yellow"),(77,197,"600","yellow"),(78,214,"50","blue"),(79,202,"125","yellow"),(80,229,"50","yellow");
INSERT INTO motorcycle (vid,speed,enginecapacity,color) VALUES (81,208,"250","yellow"),(82,242,"750","orange"),(83,201,"50","orange"),(84,213,"125","red"),(85,223,"750","red"),(86,190,"50","orange"),(87,232,"400","yellow"),(88,212,"250","orange"),(89,208,"750","blue"),(90,245,"50","violet");
INSERT INTO motorcycle (vid,speed,enginecapacity,color) VALUES (91,198,"125","green"),(92,217,"600","green"),(93,193,"50","violet"),(94,191,"750","indigo"),(95,209,"400","green"),(96,249,"125","violet"),(97,210,"600","red"),(98,197,"600","orange"),(99,221,"750","blue"),(100,217,"250","orange");


INSERT INTO tank (vid,speed,shell,armor) VALUES (101,212,"100",159),(102,225,"105",138),(103,249,"120",69),(104,207,"120",112),(105,209,"75",53),(106,194,"75",154),(107,217,"120",11),(108,238,"120",50),(109,192,"120",9),(110,229,"105",243);
INSERT INTO tank (vid,speed,shell,armor) VALUES (111,194,"105",10),(112,205,"75",108),(113,234,"100",101),(114,191,"105",107),(115,235,"100",86),(116,214,"105",80),(117,199,"120",141),(118,233,"105",199),(119,223,"120",193),(120,215,"120",34);
INSERT INTO tank (vid,speed,shell,armor) VALUES (121,212,"100",72),(122,248,"120",125),(123,235,"100",142),(124,250,"120",195),(125,203,"105",11),(126,240,"105",76),(127,209,"120",116),(128,223,"120",20),(129,218,"105",28),(130,248,"75",213);
INSERT INTO tank (vid,speed,shell,armor) VALUES (131,228,"120",114),(132,231,"120",142),(133,215,"105",58),(134,224,"120",143),(135,191,"120",139),(136,243,"105",140),(137,214,"75",49),(138,197,"105",174),(139,225,"105",132),(140,200,"100",161);
INSERT INTO tank (vid,speed,shell,armor) VALUES (141,191,"105",143),(142,200,"100",200),(143,237,"100",211),(144,200,"120",19),(145,250,"100",201),(146,231,"120",27),(147,208,"100",225),(148,213,"120",162),(149,210,"120",123),(150,232,"100",65);
INSERT INTO tank (vid,speed,shell,armor) VALUES (151,224,"75",118),(152,206,"105",166),(153,202,"100",106),(154,238,"120",193),(155,193,"120",100),(156,191,"120",200),(157,200,"105",222),(158,229,"75",14),(159,221,"120",213),(160,238,"100",170);
INSERT INTO tank (vid,speed,shell,armor) VALUES (161,201,"105",249),(162,192,"120",224),(163,250,"105",234),(164,235,"100",140),(165,213,"105",191),(166,237,"100",239),(167,213,"120",225),(168,206,"120",25),(169,207,"120",125),(170,229,"75",195);
INSERT INTO tank (vid,speed,shell,armor) VALUES (171,229,"105",137),(172,240,"75",250),(173,192,"105",150),(174,190,"105",216),(175,198,"75",48),(176,247,"75",119),(177,214,"105",147),(178,201,"120",34),(179,196,"100",109),(180,232,"75",85);
INSERT INTO tank (vid,speed,shell,armor) VALUES (181,221,"75",126),(182,201,"75",52),(183,224,"105",174),(184,222,"120",78),(185,193,"100",48),(186,250,"105",31),(187,227,"120",223),(188,217,"105",227),(189,221,"75",141),(190,228,"105",73);
INSERT INTO tank (vid,speed,shell,armor) VALUES (191,205,"100",116),(192,239,"120",92),(193,211,"75",22),(194,213,"100",152),(195,246,"105",221),(196,238,"105",56),(197,217,"105",146),(198,241,"100",207),(199,222,"105",114),(200,209,"105",183);

INSERT INTO car (vid,type,fuel,color,speed,enginecapacity) VALUES (201,"SUV","diesel","blue",236,"1300"),(202,"coupe","gasoline","blue",287,"5000"),(203,"sedan","diesel","yellow",286,"2900"),(204,"SUV","gasoline","yellow",261,"3000"),(205,"hatchback","gasoline","red",214,"1000"),(206,"van","diesel","indigo",257,"2500"),(207,"van","gasoline","green",269,"4000"),(208,"hatchback","gasoline","yellow",292,"1800"),(209,"sedan","gasoline","green",219,"1500"),(210,"convertible","gasoline","indigo",252,"1000");
INSERT INTO car (vid,type,fuel,color,speed,enginecapacity) VALUES (211,"convertible","gasoline","indigo",244,"2000"),(212,"coupe","diesel","blue",286,"2900"),(213,"convertible","gasoline","green",275,"1300"),(214,"SUV","diesel","red",300,"2500"),(215,"SUV","gasoline","orange",228,"2800"),(216,"coupe","diesel","violet",209,"2900"),(217,"van","diesel","blue",213,"2500"),(218,"SUV","diesel","blue",232,"2900"),(219,"hatchback","gasoline","violet",218,"2500"),(220,"coupe","diesel","orange",252,"2500");
INSERT INTO car (vid,type,fuel,color,speed,enginecapacity) VALUES (221,"sedan","gasoline","orange",210,"2900"),(222,"sedan","diesel","blue",221,"1800"),(223,"hatchback","diesel","red",229,"1000"),(224,"SUV","gasoline","red",258,"1800"),(225,"van","gasoline","violet",264,"2800"),(226,"sedan","gasoline","indigo",234,"2900"),(227,"hatchback","gasoline","red",287,"2500"),(228,"coupe","diesel","violet",279,"2900"),(229,"SUV","gasoline","blue",229,"1800"),(230,"coupe","gasoline","blue",250,"4000");
INSERT INTO car (vid,type,fuel,color,speed,enginecapacity) VALUES (231,"hatchback","gasoline","yellow",282,"2000"),(232,"SUV","gasoline","yellow",263,"1300"),(233,"convertible","diesel","yellow",226,"2000"),(234,"sedan","gasoline","red",221,"2800"),(235,"van","gasoline","red",269,"1300"),(236,"coupe","diesel","green",246,"1300"),(237,"sedan","gasoline","yellow",219,"2800"),(238,"coupe","gasoline","green",288,"2900"),(239,"hatchback","diesel","blue",263,"4000"),(240,"convertible","diesel","indigo",266,"2800");
INSERT INTO car (vid,type,fuel,color,speed,enginecapacity) VALUES (241,"SUV","gasoline","violet",288,"2900"),(242,"SUV","gasoline","blue",289,"2800"),(243,"SUV","gasoline","blue",297,"1300"),(244,"coupe","gasoline","blue",216,"4000"),(245,"convertible","gasoline","red",211,"2900"),(246,"sedan","diesel","red",203,"800"),(247,"hatchback","diesel","orange",274,"3000"),(248,"hatchback","diesel","blue",270,"1500"),(249,"van","diesel","yellow",280,"2000"),(250,"hatchback","gasoline","red",212,"2000");
INSERT INTO car (vid,type,fuel,color,speed,enginecapacity) VALUES (251,"convertible","diesel","green",217,"5000"),(252,"SUV","diesel","indigo",214,"2900"),(253,"hatchback","gasoline","orange",242,"4000"),(254,"coupe","gasoline","orange",279,"5000"),(255,"hatchback","diesel","green",295,"800"),(256,"van","diesel","red",234,"1300"),(257,"SUV","gasoline","orange",300,"3000"),(258,"SUV","gasoline","yellow",255,"1800"),(259,"SUV","diesel","indigo",300,"2900"),(260,"coupe","diesel","orange",208,"4000");
INSERT INTO car (vid,type,fuel,color,speed,enginecapacity) VALUES (261,"coupe","gasoline","yellow",275,"800"),(262,"hatchback","diesel","red",244,"4000"),(263,"SUV","diesel","violet",253,"4000"),(264,"hatchback","gasoline","orange",268,"1800"),(265,"SUV","diesel","red",233,"2000"),(266,"sedan","diesel","yellow",200,"1000"),(267,"sedan","diesel","red",276,"2000"),(268,"SUV","diesel","blue",270,"2500"),(269,"van","gasoline","red",259,"1300"),(270,"coupe","diesel","orange",299,"1500");
INSERT INTO car (vid,type,fuel,color,speed,enginecapacity) VALUES (271,"hatchback","diesel","violet",245,"1300"),(272,"hatchback","diesel","green",245,"4000"),(273,"sedan","gasoline","blue",225,"2800"),(274,"convertible","gasoline","blue",229,"1500"),(275,"sedan","gasoline","blue",294,"2500"),(276,"convertible","diesel","yellow",234,"2900"),(277,"convertible","gasoline","orange",261,"2800"),(278,"hatchback","diesel","yellow",255,"2000"),(279,"hatchback","gasoline","yellow",266,"800"),(280,"van","gasoline","indigo",295,"800");
INSERT INTO car (vid,type,fuel,color,speed,enginecapacity) VALUES (281,"coupe","diesel","blue",262,"2900"),(282,"coupe","diesel","red",295,"1800"),(283,"sedan","gasoline","orange",282,"1800"),(284,"coupe","gasoline","orange",300,"2000"),(285,"convertible","gasoline","red",299,"800"),(286,"sedan","diesel","violet",223,"4000"),(287,"hatchback","gasoline","red",207,"2900"),(288,"hatchback","gasoline","green",225,"3000"),(289,"sedan","diesel","orange",222,"2500"),(290,"coupe","gasoline","violet",239,"1500");
INSERT INTO car (vid,type,fuel,color,speed,enginecapacity) VALUES (291,"SUV","gasoline","yellow",230,"1800"),(292,"convertible","diesel","yellow",259,"2500"),(293,"hatchback","gasoline","indigo",237,"5000"),(294,"SUV","diesel","indigo",279,"1800"),(295,"coupe","gasoline","orange",214,"4000"),(296,"sedan","gasoline","orange",298,"2500"),(297,"van","diesel","violet",280,"1000"),(298,"van","gasoline","yellow",206,"3000"),(299,"sedan","diesel","blue",238,"800"),(300,"SUV","diesel","yellow",200,"4000");


INSERT INTO people (pid,name,password,username,email,isManager,telephoneNumber) VALUES (101,"Kadeem English","CCQ69LFN0YW",101,"aliquam@laoreetposuereenim.co.uk",0,"010-8146-7658"),(102,"Ayanna Gould","GAK18RGQ2EP",102,"arcu.et.pede@senectus.net",0,"010-2381-3295"),(103,"Maile Castro","YAA06FFU0XO",103,"lacus@maurisrhoncus.co.uk",0,"010-9446-9148"),(104,"Arthur Mitchell","CAH36QXU0AY",104,"consequat.lectus@fringillaDonec.org",0,"010-1606-6095"),(105,"Vernon Rodgers","JOZ18BQF6FR",105,"enim.Curabitur@rutrumjustoPraesent.net",0,"010-8620-7985"),(106,"Drew J. Dorsey","MCD78PZA3DV",106,"euismod@bibendumDonecfelis.net",0,"010-8288-5511"),(107,"Gary Whitfield","OHF16LJB2NI",107,"nec.quam.Curabitur@risus.edu",0,"010-9165-0642"),(108,"Keely S. Kirby","UDT77LWO9YB",108,"aliquet.Phasellus@scelerisquesedsapien.edu",0,"010-4260-4225"),(109,"Dai Wilkinson","LJU87PXT2UT",109,"mauris.ut@ipsumSuspendisse.org",0,"010-4048-4037"),(110,"Raya M. Daniel","YFJ37MLT0HX",110,"at.pede.Cras@in.com",0,"010-4014-0585");
INSERT INTO people (pid,name,password,username,email,isManager,telephoneNumber) VALUES (111,"Sade Pate","RPE25QOR0OP",111,"Duis.gravida@erat.org",0,"010-5420-7641"),(112,"Hayden Horton","JXN42QEE9FR",112,"Cum.sociis@eunequepellentesque.edu",0,"010-0390-4027"),(113,"Chantale U. Schroeder","GGW41QJC1EL",113,"feugiat@Craspellentesque.edu",0,"010-2977-5514"),(114,"Roth Fletcher","DFP20SLE9HU",114,"dictum.ultricies.ligula@Seddiamlorem.net",0,"010-3725-2679"),(115,"Mira Strickland","UFH57SMW2BD",115,"amet.diam@nuncQuisqueornare.co.uk",0,"010-2767-5996"),(116,"Plato Y. Giles","JDE48JUS6EZ",116,"nisi.sem@mollis.co.uk",0,"010-4795-1886"),(117,"Madeline Thompson","LAM52NOM3TH",117,"netus@insodales.org",0,"010-1882-5261"),(118,"Octavius Q. Soto","CTJ62QWZ9XE",118,"Phasellus.vitae.mauris@Nunc.com",0,"010-3971-3818"),(119,"Carissa Roy","YSN35NJM2LV",119,"ipsum.non@Vestibulumaccumsanneque.ca",0,"010-9641-5757"),(120,"Whitney Wade","WRS82JBY5TC",120,"pretium@augue.net",0,"010-9435-2609");
INSERT INTO people (pid,name,password,username,email,isManager,telephoneNumber) VALUES (121,"Quintessa S. Kinney","PVO10MFK0GW",121,"felis.adipiscing.fringilla@Cumsociis.com",0,"010-1030-9009"),(122,"Veda U. Ortega","BWO85DQH1FL",122,"Duis@venenatisa.org",0,"010-2059-1477"),(123,"Anthony U. Reeves","KMS30OSZ7BO",123,"sem.molestie.sodales@acmattis.co.uk",0,"010-0185-0735"),(124,"Benjamin Marsh","MKN53VEU7AF",124,"fringilla.euismod.enim@gravidamauris.org",0,"010-7846-6023"),(125,"Zelda Hubbard","FJI70ILC8VD",125,"Fusce.aliquet.magna@vitaerisusDuis.net",0,"010-6578-2760"),(126,"Fulton Justice","GWX44ASX8KR",126,"lectus.Nullam@Suspendisse.co.uk",0,"010-0830-7099"),(127,"Yasir Moss","XXR44KNH5UZ",127,"gravida@natoquepenatibuset.com",0,"010-1545-4909"),(128,"Aurora W. Savage","OYC04MOT3KR",128,"elit.fermentum@risusatfringilla.ca",0,"010-1339-2330"),(129,"Owen K. Sampson","QBN28GZL3WG",129,"ligula.Donec.luctus@sed.co.uk",0,"010-0143-9182"),(130,"Kessie Harvey","KCR54AJF0PR",130,"erat.eget.ipsum@nibh.ca",0,"010-7097-6529");
INSERT INTO people (pid,name,password,username,email,isManager,telephoneNumber) VALUES (131,"Joelle C. Silva","ULP56TVA8FT",131,"Integer.aliquam.adipiscing@orciluctus.co.uk",0,"010-1397-2572"),(132,"Silas Moran","SUJ55CGT2QZ",132,"sodales@faucibuslectus.ca",0,"010-7249-1265"),(133,"Roth A. Benjamin","DTJ38IFC0VH",133,"accumsan.neque.et@purusNullam.com",0,"010-2425-7953"),(134,"Juliet Christensen","NVE41ZFW0EN",134,"Ut@risusquis.com",0,"010-9378-4357"),(135,"Cade Juarez","ZXO05GRS6JI",135,"malesuada.augue@ametrisus.co.uk",0,"010-5868-0062"),(136,"Cheyenne Y. Tate","QRR82ATH3AY",136,"augue.eu.tempor@non.org",0,"010-6837-1700"),(137,"Grace Harper","MQF63VBW8IU",137,"purus@purusDuis.org",0,"010-0708-3067"),(138,"Shafira S. Alford","ZKF58KXA9DJ",138,"venenatis.a.magna@Nullam.net",0,"010-2675-4895"),(139,"Quyn Roman","XZH37PFT0YX",139,"Duis.risus@ornarelectus.org",0,"010-1867-2902"),(140,"Carlos Boyer","CXP41KBT3OT",140,"erat.Vivamus.nisi@veliteu.net",0,"010-8532-8902");
INSERT INTO people (pid,name,password,username,email,isManager,telephoneNumber) VALUES (141,"Boris Mcleod","BXB90JLU4EX",141,"quis.diam@nunc.net",0,"010-2090-4587"),(142,"Daniel Huff","GBG10WSC5EV",142,"nunc@pharetra.net",0,"010-3843-5172"),(143,"Trevor U. Valentine","BXP28QYB2NH",143,"Donec@mi.com",0,"010-1858-0568"),(144,"Ray C. Trujillo","WOF66OLY3OW",144,"nibh@Morbi.ca",0,"010-0910-4246"),(145,"Lacota R. Walls","PAE52BDL2FL",145,"tempus.risus@ipsumdolorsit.edu",0,"010-3821-0177"),(146,"Calista Sutton","TEX66GFV7HQ",146,"dui.nec@nonleo.com",0,"010-1144-9706"),(147,"Jerome Schmidt","VKF08OFY9XB",147,"lectus.Nullam.suscipit@arcuCurabitur.co.uk",0,"010-7734-2680"),(148,"Kirk O. Ray","HZF56XYB2PI",148,"adipiscing@Nullainterdum.co.uk",0,"010-3981-9776"),(149,"Amanda Cote","QYW73MYV6VH",149,"sit@pretiumneque.edu",0,"010-9999-0637"),(150,"Myra K. Calhoun","BQS13UQT1CX",150,"posuere.cubilia@Praesent.org",0,"010-2794-4333");
INSERT INTO people (pid,name,password,username,email,isManager,telephoneNumber) VALUES (151,"Keegan Moore","XTT33BWX0TR",151,"cursus.a.enim@interdumligula.com",0,"010-3463-6906"),(152,"Lucius P. Goodman","ZLI19ANR4LK",152,"auctor.vitae.aliquet@ornare.edu",0,"010-5185-6566"),(153,"Jameson Webster","WEP36DGL1WD",153,"ut@semconsequat.net",0,"010-8719-6207"),(154,"Brielle X. Reese","LDZ98CMM7PS",154,"ornare@pedenecante.edu",0,"010-4889-3937"),(155,"Theodore O. Keith","TVK18FLF9FS",155,"Ut.semper@lobortisquispede.edu",0,"010-5616-1637"),(156,"Justin X. Alston","HVB10OLG3BN",156,"Curabitur.sed.tortor@mi.ca",0,"010-3772-8330"),(157,"Joel Moses","TWV25UIO2JS",157,"ante.Vivamus.non@amagnaLorem.ca",0,"010-4081-1374"),(158,"Sandra Richards","GAR09GWK7NF",158,"eu.enim.Etiam@nullaIntincidunt.edu",0,"010-3932-0674"),(159,"Tyrone I. Kane","IET20ULL0OF",159,"vestibulum.Mauris@volutpatornare.edu",0,"010-6598-9834"),(160,"Gisela Michael","TGW71FQD3WY",160,"pede.nec@nec.ca",0,"010-4332-2650");
INSERT INTO people (pid,name,password,username,email,isManager,telephoneNumber) VALUES (161,"Tucker C. Mccarty","LDJ59FYS9IK",161,"orci.Ut.sagittis@inceptoshymenaeosMauris.com",0,"010-7646-5444"),(162,"Diana J. Cabrera","TQT25HAL0JW",162,"enim.Sed.nulla@pharetra.ca",0,"010-5790-4494"),(163,"Melanie N. Gomez","YUX25STE1TH",163,"mi@luctus.net",0,"010-8384-3553"),(164,"Iola D. Lamb","TDR75UUS3RR",164,"massa.Vestibulum.accumsan@Integermollis.ca",0,"010-1068-1521"),(165,"Rhonda G. Montgomery","RDT89XRB3RL",165,"sit@venenatis.org",0,"010-2748-5377"),(166,"Cecilia Durham","EGQ68UXO1OX",166,"In.condimentum.Donec@sagittisplaceratCras.edu",0,"010-9821-8143"),(167,"Brent F. Bridges","RQM73JHN4PA",167,"vulputate.mauris.sagittis@lectus.com",0,"010-3826-1346"),(168,"Jessamine Houston","MWE55GVD0US",168,"velit@Integer.org",0,"010-4839-2680"),(169,"Kadeem Palmer","NAB16WGO1UQ",169,"vel@musProinvel.org",0,"010-9835-5270"),(170,"Kameko Owen","SMI49ONV2KI",170,"Cras.vehicula@Phaselluslibero.com",0,"010-0517-0917");
INSERT INTO people (pid,name,password,username,email,isManager,telephoneNumber) VALUES (171,"Freya T. Levy","MGV99NXX5ZT",171,"Integer@rhoncusid.co.uk",0,"010-3026-8910"),(172,"Cailin S. Cochran","IMY19NRI4MN",172,"tristique.aliquet@quispede.ca",0,"010-6853-9988"),(173,"Fulton Marshall","XFD64NCG4ZI",173,"purus.Nullam.scelerisque@sitamet.org",0,"010-7838-7601"),(174,"Harper Waller","NVJ82UUZ9ZI",174,"imperdiet@Etiamlaoreetlibero.net",0,"010-1655-2869"),(175,"Kessie Burton","KBI80ZEE3BY",175,"Suspendisse.sed.dolor@estvitae.com",0,"010-4792-7418"),(176,"Lara Maxwell","PND80KMF2HX",176,"dui.nec@libero.co.uk",0,"010-4679-3389"),(177,"Micah V. Morrison","LAT76LIF6GH",177,"morbi.tristique@estNunc.co.uk",0,"010-9765-3264"),(178,"Ezra L. Baxter","JEL38WUY6AV",178,"eu.odio@Fusce.co.uk",0,"010-1503-1497"),(179,"Phelan Hall","QCW58OKV5EN",179,"Donec.luctus@iaculis.net",0,"010-7708-3135"),(180,"Chaim Cummings","ZQG13EBS7TF",180,"ultrices@fringilla.net",0,"010-8094-9701");
INSERT INTO people (pid,name,password,username,email,isManager,telephoneNumber) VALUES (181,"Rachel T. Morse","SJH33IAN7KJ",181,"consectetuer@risusMorbi.net",0,"010-8084-4020"),(182,"Ferdinand D. Alexander","VZX98ADO7XO",182,"Cras.interdum@molestie.ca",0,"010-8762-3866"),(183,"Cooper L. Barry","WVA34EMH0DP",183,"sodales.elit.erat@Praesenteunulla.com",0,"010-0918-1952"),(184,"Donna P. Compton","LLB12DZA2WI",184,"lobortis.quam.a@turpisvitaepurus.com",0,"010-3742-2093"),(185,"Omar K. Ratliff","LJR32APQ1DT",185,"eu@in.ca",0,"010-1981-4824"),(186,"Lara Massey","HMY97WNN0RF",186,"Aliquam.rutrum@malesuadafames.edu",0,"010-8767-4384"),(187,"Rigel Branch","ZGJ23NXR4WA",187,"lobortis.risus@quis.com",0,"010-3441-4513"),(188,"Amy C. Gomez","GXF21IJG3JD",188,"ultrices.a@sollicitudin.ca",0,"010-5516-5013"),(189,"Bevis A. Buckner","SQM08FBC2XD",189,"Praesent@quispedePraesent.ca",0,"010-6519-4775"),(190,"Abraham Z. Velazquez","PKA66XAS4XA",190,"pharetra@egestas.com",0,"010-9105-7763");
INSERT INTO people (pid,name,password,username,email,isManager,telephoneNumber) VALUES (191,"Josiah Gordon","ODG50LVT6WC",191,"tincidunt.vehicula.risus@arcuvelquam.com",0,"010-5739-8434"),(192,"Dana F. Garcia","QRN22KDS0HI",192,"suscipit@ipsumportaelit.org",0,"010-4470-6718"),(193,"Nasim Christian","VSB96EXQ0MU",193,"commodo.ipsum@Quisquenonummy.edu",0,"010-5793-2745"),(194,"Benedict Mcclain","PDT37WWM3DE",194,"Aliquam@Fuscedolorquam.co.uk",0,"010-7960-2129"),(195,"Camden Walker","ZSX41CQA3ZP",195,"sit.amet.luctus@consectetuer.org",0,"010-7405-1693"),(196,"Dylan Baird","XYT80ZAJ3PE",196,"at@dignissimlacus.edu",0,"010-3261-1309"),(197,"Lev Molina","DTB56FOV7ZG",197,"Aliquam.vulputate@maurisSuspendissealiquet.ca",0,"010-8260-7231"),(198,"Rachel K. Hammond","RWZ16UPX7RP",198,"est.vitae@id.edu",0,"010-0098-5491"),(199,"Ulysses Kim","TQZ31KVH4QF",199,"nec.mollis.vitae@sitametmetus.ca",0,"010-6649-8253"),(200,"Jonas T. Odom","UQE23ZMX4CJ",200,"mauris.ut.mi@dolortempus.net",0,"010-6083-2024");


INSERT INTO Customer (pid,ranking) VALUES (101,"D"),(102,"F"),(103,"F"),(104,"C"),(105,"C"),(106,"F"),(107,"F"),(108,"B"),(109,"C"),(110,"D");
INSERT INTO Customer (pid,ranking) VALUES (111,"A"),(112,"D"),(113,"B"),(114,"C"),(115,"E"),(116,"B"),(117,"E"),(118,"E"),(119,"B"),(120,"D");
INSERT INTO Customer (pid,ranking) VALUES (121,"B"),(122,"D"),(123,"D"),(124,"C"),(125,"E"),(126,"F"),(127,"A"),(128,"B"),(129,"E"),(130,"F");
INSERT INTO Customer (pid,ranking) VALUES (131,"E"),(132,"C"),(133,"C"),(134,"A"),(135,"E"),(136,"C"),(137,"E"),(138,"B"),(139,"C"),(140,"C");
INSERT INTO Customer (pid,ranking) VALUES (141,"F"),(142,"A"),(143,"D"),(144,"E"),(145,"C"),(146,"C"),(147,"E"),(148,"E"),(149,"E"),(150,"A");
INSERT INTO Customer (pid,ranking) VALUES (151,"E"),(152,"C"),(153,"B"),(154,"D"),(155,"C"),(156,"E"),(157,"B"),(158,"C"),(159,"B"),(160,"F");
INSERT INTO Customer (pid,ranking) VALUES (161,"B"),(162,"F"),(163,"C"),(164,"B"),(165,"D"),(166,"D"),(167,"A"),(168,"F"),(169,"C"),(170,"E");
INSERT INTO Customer (pid,ranking) VALUES (171,"C"),(172,"A"),(173,"E"),(174,"C"),(175,"C"),(176,"E"),(177,"A"),(178,"A"),(179,"E"),(180,"E");
INSERT INTO Customer (pid,ranking) VALUES (181,"C"),(182,"F"),(183,"D"),(184,"E"),(185,"D"),(186,"E"),(187,"E"),(188,"F"),(189,"F"),(190,"D");
INSERT INTO Customer (pid,ranking) VALUES (191,"E"),(192,"A"),(193,"B"),(194,"B"),(195,"A"),(196,"D"),(197,"E"),(198,"C"),(199,"E"),(200,"C");


INSERT INTO Address (pid,country,region,postal,city,street) VALUES (101,"Singapore","NSW","78993","Sydney","6768 Nulla Av."),(102,"Qatar","Abruzzo","01236","Capestrano","Ap #102-8749 Dolor. St."),(103,"Belize","Adana","912772","Kozan","2517 Tincidunt Street"),(104,"Cameroon","RM","31210","Isla de Maipo","Ap #843-7772 Sed Road"),(105,"Spain","CM","H2W 3T7","Llanelli","1696 Vestibulum St."),(106,"Indonesia","Castilla y Len","66066","vila","Ap #313-5693 Mi St."),(107,"Germany","PO","86-224","La Rochelle","Ap #142-8511 Nec Rd."),(108,"Togo","U","13017","Belfast","8992 Eget Rd."),(109,"Mozambique","Aquitaine","3092","Villenave-d'Ornon","464-8480 Posuere, Av."),(110,"Tokelau","MP","215893","Vidisha","9602 Donec Avenue");
INSERT INTO Address (pid,country,region,postal,city,street) VALUES (111,"Hungary","BU","71-617","Sint-Lambrechts-Woluwe","Ap #220-2783 Dui Street"),(112,"Malaysia","A","82-357","Quesada","Ap #397-4327 Nunc. Ave"),(113,"Laos","Valparaso","16-200","San Esteban","Ap #914-7774 Nisi. Ave"),(114,"French Guiana","Limburg","8176","Mechelen-aan-de-Maas","P.O. Box 829, 1882 Aliquet, Ave"),(115,"Japan","RM","83156-299","El Monte","P.O. Box 367, 4526 Vitae St."),(116,"Malaysia","KN","68627","Kano","P.O. Box 917, 5214 Risus, Rd."),(117,"Romania","CA","4700","Badalona","5069 Congue, Rd."),(118,"Korea, North","Mazowieckie","30014","Siedlce","6866 Eu Street"),(119,"Brunei","Vstra Gtalands ln","05298","Skvde","P.O. Box 131, 7369 Vestibulum St."),(120,"Uruguay","UP","61446-628","Allahabad","P.O. Box 897, 7733 Leo, Rd.");
INSERT INTO Address (pid,country,region,postal,city,street) VALUES (121,"Mozambique","Alajuela","11484-986","Alajuela","2105 In Ave"),(122,"Cape Verde","HB","78471","Bremerhaven","9280 In Rd."),(123,"Montserrat","Vienna","V1B 0H1","Vienna","Ap #434-7274 Ac Rd."),(124,"Afghanistan","SI","91629","Queenstown","2479 Enim, St."),(125,"Sudan","Wie","41514","Vienna","978-9914 Porttitor Av."),(126,"Netherlands","Tamil Nadu","900296","Tiruppur","Ap #371-4422 Mi Rd."),(127,"Nepal","Vienna","6732 MK","Vienna","Ap #479-2269 Vivamus St."),(128,"Brazil","G","E77 6KU","Caas","9851 Laoreet, Rd."),(129,"Lesotho","SK","49324","Canora","5750 Egestas Rd."),(130,"Nicaragua","Metropolitana de Santiago","554180","Melipilla","P.O. Box 253, 3187 Enim, St.");
INSERT INTO Address (pid,country,region,postal,city,street) VALUES (131,"Australia","Jnkpings ln","423168","Vrnamo","4255 Fusce Avenue"),(132,"United States Minor Outlying Islands","TOS","6002 ZF","Montemignaio","4453 Lorem, Road"),(133,"Afghanistan","Alabama","185999","Tuscaloosa","3755 Eget, St."),(134,"Czech Republic","Bremen","3913","Bremerhaven","Ap #702-9058 Nec, St."),(135,"Latvia","MP","8438","Rewa","8763 Gravida Street"),(136,"Anguilla","Dalarnas ln","6528","Mora","P.O. Box 693, 9325 Tristique Rd."),(137,"Trinidad and Tobago","Sokoto","751211","Sokoto","P.O. Box 205, 2256 Vel Ave"),(138,"Solomon Islands","Victoria","5885","Hamilton","6669 Sit Av."),(139,"Burundi","LX","9177","Petit-Thier","935-9580 Nec Rd."),(140,"Croatia","Munster","1821","Cork","P.O. Box 102, 8693 Elit St.");
INSERT INTO Address (pid,country,region,postal,city,street) VALUES (141,"Hong Kong","OH","82281","Cincinnati","Ap #287-4184 Porttitor Road"),(142,"Austria","Santa Catarina","0172 OG","Cricima","P.O. Box 561, 8026 In Avenue"),(143,"Macedonia","Limn","90-303","Siquirres","492-1796 Lacinia. St."),(144,"Slovenia","North Island","A8J 8T7","Kerikeri","754-1826 Sagittis Street"),(145,"Guam","C","954542","Galway","P.O. Box 711, 2207 Vivamus Ave"),(146,"Algeria","NI","61218","Auckland","1277 Viverra. Avenue"),(147,"Ukraine","Gelderland","9402","Buren","2638 Ut Av."),(148,"Greenland","SP","20509","Guarulhos","473-7660 Dui Road"),(149,"Costa Rica","Antwerpen","63108","Balen","6016 Posuere Rd."),(150,"Pakistan","Australian Capital Territory","01-669","Canberra","845-4648 Sit Av.");
INSERT INTO Address (pid,country,region,postal,city,street) VALUES (151,"Italy","LAZ","382958","Trevignano Romano","P.O. Box 954, 696 Vitae Ave"),(152,"Sierra Leone","Ulster","08759","Belfast","349 A, Rd."),(153,"Cuba","Zl","X8S 0C9","Terneuzen","P.O. Box 544, 595 Morbi Road"),(154,"Canada","Akwa Ibom","043000","Uyo","650-1186 In Rd."),(155,"Haiti","NI","04633","Bida","660-107 Aliquet Street"),(156,"Macedonia","Utah","40403","West Valley City","P.O. Box 488, 2727 Vel Street"),(157,"Lebanon","Pernambuco","B2J 2NY","Petrolina","P.O. Box 679, 8897 Elit Street"),(158,"Myanmar","Calabria","1289","Pedace","P.O. Box 478, 1150 Vel Street"),(159,"Isle of Man","Jnkpings ln","61-749","Vetlanda","P.O. Box 821, 1830 Dolor Street"),(160,"Fiji","Vienna","939335","Vienna","Ap #791-6584 Luctus Street");
INSERT INTO Address (pid,country,region,postal,city,street) VALUES (161,"Mauritius","DE","17-825","Pike Creek","2552 Aliquam Road"),(162,"Costa Rica","BU","15842","Sint-Pieters-Woluwe","P.O. Box 809, 7540 Phasellus Ave"),(163,"Turkmenistan","KY","08103","Owensboro","Ap #392-3429 Semper Ave"),(164,"Mauritania","Alajuela","8231 UF","San Rafael","6331 Lobortis Av."),(165,"Hungary","Antalya","67279","Serik","P.O. Box 796, 7058 Sit St."),(166,"Oman","Illinois","20085","Springfield","6540 Ut, Rd."),(167,"Heard Island and Mcdonald Islands","Hat","C6Y 7R3","Krkhn","Ap #217-5182 Ut St."),(168,"Israel","Newfoundland and Labrador","97715","Bay Roberts","9904 Curae; Rd."),(169,"Madagascar","NSW","21511","Lithgow","Ap #431-3798 At Rd."),(170,"Saint Helena, Ascension and Tristan da Cunha","Slskie","65020","Sosnowiec","P.O. Box 569, 7732 Arcu. Road");
INSERT INTO Address (pid,country,region,postal,city,street) VALUES (171,"Mauritius","PA","40261-976","Erie","Ap #944-642 Integer Road"),(172,"Switzerland","QC","53051","Thurso","P.O. Box 529, 1172 Malesuada. Av."),(173,"Cambodia","So Paulo","4523","Ribeiro Preto","459-6095 In, Avenue"),(174,"Lebanon","Wie","939869","Vienna","4823 Libero. St."),(175,"Bosnia and Herzegovina","OG","C3W 9Y4","Sagamu","155-7954 Sem Av."),(176,"Sri Lanka","So Paulo","42640","Ribeiro Preto","3905 Quis Street"),(177,"South Africa","Berlin","67491","Berlin","651-2431 Ultrices, St."),(178,"Saint Pierre and Miquelon","Cartago","8059","Aguacaliente (San Francisco)","990-8736 A St."),(179,"Zambia","PI","OB4 2GV","Abbeville","P.O. Box 238, 8200 Consequat Rd."),(180,"Denmark","Veneto","82774","Feltre","Ap #891-6243 Mollis Rd.");
INSERT INTO Address (pid,country,region,postal,city,street) VALUES (181,"Barbados","BC","993440","Sooke","483 Diam St."),(182,"Poland","Diyarbakr","3000","Bismil","P.O. Box 691, 6656 Justo. Rd."),(183,"Egypt","SK","31080","Ostrowiec witokrzyski","P.O. Box 392, 9231 Sem, Rd."),(184,"Jersey","Coquimbo","8077","Illapel","Ap #294-1507 Montes, Rd."),(185,"New Caledonia","Bretagne","2858","Lorient","507-1173 Eget, Av."),(186,"Belgium","Utah","85492","Provo","P.O. Box 126, 9708 Magnis Ave"),(187,"Saint Vincent and The Grenadines","Wie","32312","Vienna","Ap #575-6695 Nec, Ave"),(188,"Moldova","AR","53341-625","Fayetteville","5809 Eget Street"),(189,"Jersey","RM","1190","Pirque","Ap #749-9032 Lorem, Rd."),(190,"Venezuela","OY","55982","Ogbomosho","P.O. Box 226, 9955 Id Rd.");
INSERT INTO Address (pid,country,region,postal,city,street) VALUES (191,"Finland","Wie","9944","Vienna","6536 Vestibulum Ave"),(192,"Belize","Maryland","709411","Rockville","5438 Amet Avenue"),(193,"Thailand","Hamburg","7476","Hamburg","9076 In Rd."),(194,"Qatar","Minnesota","26887","Duluth","Ap #152-9121 Cras Rd."),(195,"Egypt","TOS","569033","Massa e Cozzile","P.O. Box 672, 6167 Hendrerit. Avenue"),(196,"Romania","LAZ","00931","Acquafondata","901-8635 Ridiculus Av."),(197,"Macao","NSW","67-838","Newcastle","4037 Luctus Avenue"),(198,"Netherlands","QC","926730","Kawawachikamach","941-4347 Lacus Rd."),(199,"Slovakia","Leinster","93605","Dublin","P.O. Box 993, 1654 Enim. Rd."),(200,"Andorra","WM","9304","Elblg","Ap #441-8376 Pharetra. Av.");


INSERT INTO people (pid,name,password,username,email,isManager,telephoneNumber) VALUES (1,"A","A",1,"A@gmail.com",1,"010-1111-1111");
INSERT INTO people (pid,name,password,username,email,isManager,telephoneNumber) VALUES (2,"B","B",2,"B@gmail.com",1,"010-2222-2222");

INSERT INTO admin (pid, click) VALUES(1, 999);
INSERT INTO admin (pid, click) VALUES(2, 0);

INSERT INTO Discount (ranking, rate) VALUES ("A",0.5);
INSERT INTO Discount (ranking, rate) VALUES ("B",0.6);
INSERT INTO Discount (ranking, rate) VALUES ("C",0.7);
INSERT INTO Discount (ranking, rate) VALUES ("D",0.8);
INSERT INTO Discount (ranking, rate) VALUES ("E",0.9);
INSERT INTO Discount (ranking, rate) VALUES ("F",1.2);
